{
  "project": {
    "name": "Customer Portal Redesign"
  },
  "simulation": {
    "iterations": 1000,
    "random_seed": 42
  },
  "statistics": {
    "mean": 72.38310979224613,
    "median": 71.87228135165037,
    "std_dev": 9.466815753167054,
    "min": 47.34624801474033,
    "max": 114.14498175074726,
    "coefficient_of_variation": 0.130787635131161
  },
  "percentiles": {
    "50": 71.87228135165037,
    "75": 78.46638169295862,
    "80": 80.0663919224794,
    "85": 82.00844461413777,
    "90": 84.30809280793613,
    "95": 88.41887302378359
  },
  "critical_path": {
    "task_001": 1.0,
    "task_002": 1.0,
    "task_003": 0.0,
    "task_004": 1.0,
    "task_005": 1.0,
    "task_006": 1.0,
    "task_007": 0.0,
    "task_008": 1.0
  },
  "histogram": {
    "bin_edges": [
      47.34624801474033,
      48.682222689460474,
      50.01819736418061,
      51.35417203890075,
      52.69014671362089,
      54.026121388341025,
      55.362096063061166,
      56.69807073778131,
      58.03404541250144,
      59.370020087221576,
      60.70599476194172,
      62.04196943666186,
      63.37794411138199,
      64.71391878610214,
      66.04989346082228,
      67.38586813554241,
      68.72184281026256,
      70.05781748498269,
      71.39379215970283,
      72.72976683442297,
      74.06574150914311,
      75.40171618386324,
      76.73769085858339,
      78.07366553330353,
      79.40964020802366,
      80.74561488274381,
      82.08158955746393,
      83.41756423218408,
      84.75353890690423,
      86.08951358162435,
      87.4254882563445,
      88.76146293106463,
      90.09743760578476,
      91.43341228050491,
      92.76938695522504,
      94.10536162994518,
      95.44133630466533,
      96.77731097938546,
      98.1132856541056,
      99.44926032882574,
      100.78523500354588,
      102.12120967826601,
      103.45718435298616,
      104.7931590277063,
      106.12913370242643,
      107.46510837714658,
      108.80108305186671,
      110.13705772658685,
      111.473032401307,
      112.80900707602711,
      114.14498175074726
    ],
    "counts": [
      1,
      0,
      1,
      3,
      4,
      7,
      11,
      16,
      28,
      30,
      40,
      42,
      41,
      56,
      43,
      54,
      52,
      50,
      52,
      53,
      48,
      55,
      54,
      40,
      35,
      36,
      28,
      26,
      21,
      9,
      14,
      9,
      12,
      5,
      3,
      6,
      3,
      3,
      1,
      2,
      1,
      1,
      1,
      1,
      0,
      1,
      0,
      0,
      0,
      1
    ]
  }
}