{
  "project": {
    "name": "Customer Portal Redesign"
  },
  "simulation": {
    "iterations": 100,
    "random_seed": 42
  },
  "statistics": {
    "mean": 74.86430115830093,
    "median": 75.6945721557206,
    "std_dev": 10.843949019390212,
    "min": 52.71181404689415,
    "max": 114.14498175074726,
    "coefficient_of_variation": 0.14484806311703396
  },
  "percentiles": {
    "50": 75.6945721557206,
    "80": 83.02237122713858,
    "90": 88.35909240002631,
    "95": 92.20621094797492
  },
  "critical_path": {
    "task_001": 1.0,
    "task_002": 1.0,
    "task_003": 0.0,
    "task_004": 1.0,
    "task_005": 1.0,
    "task_006": 1.0,
    "task_007": 0.0,
    "task_008": 1.0
  },
  "histogram": {
    "bin_edges": [
      52.71181404689415,
      53.94047740097121,
      55.169140755048275,
      56.39780410912533,
      57.626467463202395,
      58.85513081727946,
      60.08379417135652,
      61.31245752543359,
      62.54112087951064,
      63.76978423358771,
      64.99844758766477,
      66.22711094174184,
      67.4557742958189,
      68.68443764989595,
      69.91310100397303,
      71.14176435805008,
      72.37042771212714,
      73.59909106620421,
      74.82775442028127,
      76.05641777435834,
      77.2850811284354,
      78.51374448251246,
      79.74240783658952,
      80.97107119066658,
      82.19973454474365,
      83.4283978988207,
      84.65706125289776,
      85.88572460697483,
      87.1143879610519,
      88.34305131512896,
      89.57171466920602,
      90.80037802328309,
      92.02904137736014,
      93.2577047314372,
      94.48636808551427,
      95.71503143959133,
      96.94369479366839,
      98.17235814774546,
      99.40102150182253,
      100.62968485589958,
      101.85834820997664,
      103.08701156405371,
      104.31567491813077,
      105.54433827220782,
      106.7730016262849,
      108.00166498036197,
      109.23032833443901,
      110.45899168851608,
      111.68765504259315,
      112.9163183966702,
      114.14498175074726
    ],
    "counts": [
      1,
      0,
      1,
      2,
      4,
      2,
      3,
      3,
      0,
      2,
      4,
      3,
      1,
      5,
      4,
      7,
      4,
      2,
      3,
      13,
      4,
      5,
      2,
      3,
      4,
      3,
      2,
      0,
      3,
      2,
      1,
      1,
      2,
      1,
      1,
      0,
      0,
      0,
      0,
      0,
      0,
      0,
      1,
      0,
      0,
      0,
      0,
      0,
      0,
      1
    ]
  }
}