{
  "project": {
    "name": "Mobile App Development"
  },
  "simulation": {
    "iterations": 1000,
    "random_seed": 42
  },
  "statistics": {
    "mean": 116.49563715281705,
    "median": 114.5111370910021,
    "std_dev": 15.901291703733486,
    "min": 79.79752949017445,
    "max": 174.36199198016908,
    "coefficient_of_variation": 0.13649688599818063
  },
  "percentiles": {
    "50": 114.5111370910021,
    "75": 127.27984799464221,
    "80": 130.05461665174155,
    "85": 133.43136701389466,
    "90": 137.7104959101969,
    "95": 144.18404085600656
  },
  "critical_path": {
    "design_ui": 0.0,
    "setup_backend": 1.0,
    "api_development": 1.0,
    "mobile_app_dev": 1.0,
    "integration_testing": 1.0,
    "deployment": 1.0
  },
  "histogram": {
    "bin_edges": [
      79.79752949017445,
      81.68881873997435,
      83.58010798977423,
      85.47139723957413,
      87.36268648937403,
      89.25397573917391,
      91.1452649889738,
      93.0365542387737,
      94.9278434885736,
      96.81913273837348,
      98.71042198817338,
      100.60171123797328,
      102.49300048777317,
      104.38428973757306,
      106.27557898737295,
      108.16686823717285,
      110.05815748697273,
      111.94944673677263,
      113.84073598657253,
      115.73202523637241,
      117.6233144861723,
      119.5146037359722,
      121.40589298577208,
      123.29718223557198,
      125.18847148537188,
      127.07976073517176,
      128.97104998497167,
      130.86233923477155,
      132.75362848457144,
      134.64491773437135,
      136.53620698417123,
      138.4274962339711,
      140.31878548377102,
      142.2100747335709,
      144.1013639833708,
      145.9926532331707,
      147.88394248297058,
      149.77523173277046,
      151.66652098257038,
      153.55781023237026,
      155.44909948217014,
      157.34038873197005,
      159.23167798176996,
      161.12296723156982,
      163.01425648136973,
      164.90554573116964,
      166.7968349809695,
      168.6881242307694,
      170.57941348056931,
      172.47070273036917,
      174.36199198016908
    ],
    "counts": [
      1,
      1,
      3,
      5,
      5,
      13,
      20,
      13,
      29,
      37,
      30,
      31,
      45,
      57,
      46,
      55,
      48,
      50,
      44,
      42,
      37,
      35,
      39,
      28,
      34,
      36,
      29,
      29,
      24,
      18,
      22,
      16,
      17,
      9,
      11,
      3,
      6,
      9,
      2,
      1,
      7,
      2,
      1,
      2,
      5,
      0,
      0,
      1,
      0,
      2
    ]
  }
}