{
  "project": {
    "name": "Mobile App Development"
  },
  "simulation": {
    "iterations": 100,
    "random_seed": 42
  },
  "statistics": {
    "mean": 113.76863588113667,
    "median": 112.04883077768851,
    "std_dev": 14.832053021940201,
    "min": 84.2975739017548,
    "max": 151.040590859886,
    "coefficient_of_variation": 0.1303703160986869
  },
  "percentiles": {
    "50": 112.04883077768851,
    "75": 123.4533750707511,
    "80": 126.14924470058841,
    "85": 129.58071385852472,
    "90": 133.60590489073113,
    "95": 141.23850556020204
  },
  "critical_path": {
    "design_ui": 0.0,
    "setup_backend": 1.0,
    "api_development": 1.0,
    "mobile_app_dev": 1.0,
    "integration_testing": 1.0,
    "deployment": 1.0
  },
  "histogram": {
    "bin_edges": [
      84.2975739017548,
      85.63243424091743,
      86.96729458008005,
      88.30215491924267,
      89.6370152584053,
      90.97187559756793,
      92.30673593673055,
      93.64159627589316,
      94.9764566150558,
      96.31131695421843,
      97.64617729338104,
      98.98103763254366,
      100.31589797170629,
      101.65075831086892,
      102.98561865003154,
      104.32047898919416,
      105.65533932835679,
      106.99019966751942,
      108.32506000668204,
      109.65992034584465,
      110.99478068500729,
      112.32964102416992,
      113.66450136333253,
      114.99936170249515,
      116.33422204165778,
      117.66908238082041,
      119.00394271998303,
      120.33880305914565,
      121.67366339830828,
      123.00852373747091,
      124.34338407663353,
      125.67824441579614,
      127.01310475495877,
      128.3479650941214,
      129.68282543328402,
      131.01768577244664,
      132.35254611160929,
      133.6874064507719,
      135.02226678993452,
      136.35712712909714,
      137.69198746825975,
      139.0268478074224,
      140.36170814658502,
      141.69656848574763,
      143.03142882491028,
      144.3662891640729,
      145.7011495032355,
      147.03600984239813,
      148.37087018156075,
      149.70573052072336,
      151.040590859886
    ],
    "counts": [
      1,
      0,
      1,
      1,
      1,
      3,
      0,
      1,
      3,
      4,
      2,
      3,
      2,
      3,
      5,
      6,
      2,
      1,
      6,
      1,
      4,
      3,
      3,
      4,
      2,
      3,
      2,
      1,
      6,
      1,
      4,
      2,
      2,
      2,
      1,
      2,
      3,
      1,
      0,
      1,
      1,
      0,
      1,
      1,
      0,
      1,
      0,
      1,
      1,
      1
    ]
  }
}